"id","year","area","claim_or_system","classification","why_not_counted_as_a_strict_discovery","source_url","revisit_condition"
"EX-001","2021","Astronomy","ExoMiner statistically validated 301 Kepler planets","adjacent validation","The objects had already been detected by the Kepler pipeline and existed as candidates; AI supplied statistical validation rather than first detection.","https://science.nasa.gov/universe/exoplanets/new-deep-learning-method-adds-301-planets-to-keplers-total-count/","Include in a broader registry category for AI-enabled validation."
"EX-002","2021-present","Structural biology","AlphaFold and the AlphaFold Protein Structure Database","predictive atlas","Predicted structures are scientifically useful but a prediction database is not itself a catalog of experimentally confirmed discoveries; individual downstream discoveries should be registered separately.","https://www.nature.com/articles/s41586-021-03819-2","Add specific downstream biological discoveries when their empirical evidence and AI contribution are traceable."
"EX-003","2023","Materials science","A-Lab autonomous synthesis campaign","contested novelty","The campaign synthesized 36 of 57 targets, but later analysis and a correction highlighted prior or closely related compositions; counting all 36 as new materials would overstate novelty.","https://www.nature.com/articles/s41586-023-06734-w","Reassess target by target against prior art and independent structural characterization."
"EX-004","2023","Chemistry","Coscientist planned and executed cross-coupling reactions","capability demonstration","The demonstrated reactions and optimization tasks were known chemistry; the paper primarily established autonomous planning and execution capability.","https://www.nature.com/articles/s41586-023-06792-0","Count only a later novel reaction, mechanism, or compound with explicit experimental novelty analysis."
"EX-005","2026","Microbiology","Co-Scientist cf-PICI host-range mechanism","rediscovery","The system independently recapitulated a co-timed, then-unpublished human discovery; this is strong capability evidence but not a separate new scientific finding.","https://www.nature.com/articles/s41586-026-10644-y","Represent in a dedicated rediscovery class if the registry expands beyond first discoveries."
"EX-006","2022","Planetary science","THOR asteroid-recovery campaign","definition boundary","The work recovered many asteroid observations using an orbital-linking algorithm, but it is not clearly a learned AI system under this catalog's operational definition.","https://noirlab.edu/public/news/noirlab2212/","Include if the project adopts a broader definition covering all automated search and optimization algorithms."
"EX-007","2026","Marine geoscience","Seventy-three previously undocumented submarine calderas","definition boundary","The primary paper describes automated bathymetric-depression detection, principal-component analysis, and expert classification, but does not establish a learned AI model; counting it would conflict with this catalog's operational definition.","https://www.nature.com/articles/s43247-026-03779-3","Include if the project deliberately broadens scope from AI to computational automation."
"EX-008","2025","Quantum physics","Transformer-designed quantum experiments and state generalizations","published design or theory candidate","The system produced computational experiment designs and generalizations, but no corresponding laboratory discovery was established in the reviewed source.","https://www.nature.com/articles/s42256-025-01153-0","Add to a separate theoretical/design tier or after physical realization."
"EX-009","various","Medicine and Earth science","Diagnostic classifiers, protein-property predictors, weather and climate forecasters","out of scope by default","Better prediction of a known label or future value is not a discovery unless the work also establishes a new object, mechanism, relationship, candidate, or law.","https://www.nature.com/articles/s41586-023-06221-2","Evaluate individual studies when they make and validate a genuinely novel scientific claim."
